lemmatized_cue,cue,n
(s)agacer,agace,NA
(s)agacer,agacer,1147
(s)agacer,agacent,NA
(s)agacer,agacé,NA
(s)agacer,agaçait,NA
(s)agacer,agaçaient,NA
(s)agacer,agaça,NA
(s)agacer,agaçant,1
(s)amuser,amusant,NA
(s)amuser,amuser,300
(s)amuser,amus,2005
(s)amuser,amuse,NA
(s)amuser,amusent,NA
(s)amuser,amusait,NA
(s)amuser,amusaient,NA
(s)amuser,amusa,NA
(s)amuser,amusé,NA
(s)emporter,emporte,614
(s)emporter,emporter,439
(s)emporter,emportent,NA
(s)emporter,emporté,NA
(s)emporter,emportait,NA
(s)emporter,emportaient,NA
(s)emporter,emporta,NA
(s)emporter,emportant,NA
(s)engager,engage,NA
(s)engager,engager,1709
(s)engager,engagent,NA
(s)engager,engagé,NA
(s)engager,engagée,NA
(s)engager,engageait,NA
(s)engager,engageaient,NA
(s)engager,engagea,NA
(s)engager,engageant,NA
(s)enthousiasmer,enthousiasme,1008
(s)enthousiasmer,enthousiasmer,4
(s)enthousiasmer,enthousiasment,12
(s)enthousiasmer,enthousiasmé,2
(s)enthousiasmer,enthousiasmait,27
(s)enthousiasmer,enthousiasmaient,1
(s)enthousiasmer,enthousiasma,NA
(s)exclamer,exclame,1513
(s)exclamer,exclamer,960
(s)exclamer,exclament,NA
(s)exclamer,exclamé,NA
(s)exclamer,exclamait,NA
(s)exclamer,exclamaient,NA
(s)exclamer,exclama,NA
(s)exclamer,exclamant,NA
(s)indigner,indigne,12
(s)indigner,indigner,157
(s)indigner,indignent,NA
(s)indigner,indigné,1451
(s)indigner,indignait,NA
(s)indigner,indignaient,NA
(s)indigner,indigna,2
(s)indigner,indignant,4
(s)inquiéter,inquiète,NA
(s)inquiéter,inquiéter,15561
(s)inquiéter,inquiètent,NA
(s)inquiéter,inquiété,NA
(s)inquiéter,inquiétait,NA
(s)inquiéter,inquiétaient,NA
(s)inquiéter,inquiéta,NA
(s)inquiéter,inquiétant,3
(s)insurger,insurge,NA
(s)insurger,insurger,105
(s)insurger,insurg,1144
(s)insurger,insurgent,NA
(s)insurger,insurgé,428
(s)insurger,insurgeait,NA
(s)insurger,insurgeaient,NA
(s)insurger,insurgea,NA
(s)insurger,mentionnant,NA
(s)interroger,interroge,NA
(s)interroger,interroger,6489
(s)interroger,interrogent,NA
(s)interroger,interrogé,63
(s)interroger,interrogeait,NA
(s)interroger,interrogeaient,NA
(s)interroger,interrogea,NA
(s)interroger,interrogeant,NA
(s)étonner,étonne,10997
(s)étonner,étonner,198
(s)étonner,étonnent,NA
(s)étonner,étonné,145
(s)étonner,étonnait,NA
(s)étonner,étonnaient,NA
(s)étonner,étonna,NA
(s)étonner,étonnant,7
(s)étrangler,étrangle,167
(s)étrangler,étrangler,34
(s)étrangler,étranglent,NA
(s)étrangler,étranglé,2
(s)étrangler,étranglait,NA
(s)étrangler,étranglaient,NA
(s)étrangler,étrangla,1
(s)étrangler,étranglant,NA
(se)contenter,contente,706
(se)contenter,contenter,1164
(se)contenter,contentent,NA
(se)contenter,contenté,NA
(se)contenter,contentait,NA
(se)contenter,contentaient,NA
(se)contenter,contenta,NA
(se)contenter,contentant,NA
(se)désoler,désole,2195
(se)désoler,désoler,464
(se)désoler,désolent,NA
(se)désoler,désolé,78
(se)désoler,désolait,NA
(se)désoler,désolaient,NA
(se)désoler,désola,3
(se)désoler,désolant,4
(se)lamenter,lamente,420
(se)lamenter,lamenter,112
(se)lamenter,lamentent,NA
(se)lamenter,lamenté,NA
(se)lamenter,lamentait,NA
(se)lamenter,lamentaient,NA
(se)lamenter,lamenta,NA
(se)lamenter,lamentant,NA
(se)réjouir,réjouit,NA
(se)réjouir,réjouir,17941
(se)réjouir,réjouissent,NA
(se)réjouir,réjouissait,NA
(se)réjouir,réjouissaient,NA
(se)réjouir,réjouissant,10
abonder,abonde,NA
abonder,abonder,364
abonder,abondent,NA
abonder,abondé,NA
abonder,abondait,NA
abonder,abondaient,NA
abonder,abonda,1
abonder,abondant,1
abonder,abond,1086
accuser,accuse,18132
accuser,accuser,42358
accuser,accusent,NA
accuser,accusé,NA
accuser,accusait,NA
accuser,accusaient,NA
accuser,accusa,NA
accuser,accusant,NA
admettre,admet,NA
admettre,admettre,56398
admettre,admettent,NA
admettre,admis,28
admettre,admettait,NA
admettre,admettaient,NA
admettre,admit,NA
admettre,admettant,2560
adresser,adresse,173
adresser,adresser,8444
adresser,adressent,NA
adresser,adressé,NA
adresser,adressait,NA
adresser,adressaient,NA
adresser,adressa,NA
adresser,adressant,NA
affirmer,affirme,161703
affirmer,affirmer,231702
affirmer,affirment,NA
affirmer,affirmé,NA
affirmer,affirmait,NA
affirmer,affirmaient,NA
affirmer,affirma,NA
affirmer,affirmant,NA
aimer,aime,1562
aimer,aimer,860
aimer,aiment,NA
aimer,aimé,89
aimer,aimée,NA
aimer,aimait,NA
aimer,aimaient,NA
aimer,aima,NA
aimer,aimant,8
ajouter,ajoute,116110
ajouter,ajouter,199659
ajouter,ajoutent,NA
ajouter,ajouté,NA
ajouter,ajoutait,NA
ajouter,ajoutaient,NA
ajouter,ajouta,NA
ajouter,ajoutant,2
aller,vais,NA
aller,aller,8323
aller,vont,NA
aller,allé,NA
aller,allait,NA
aller,allaient,NA
aller,alla,NA
aller,allant,NA
analyser,analyse,20992
analyser,analyser,507
analyser,analysent,120
analyser,analysé,NA
analyser,analysait,NA
analyser,analysaient,NA
analyser,analysa,NA
analyser,analysant,1
annoncer,annoncer,252523
annoncer,annoncent,NA
annoncer,annoncé,NA
annoncer,annonçait,NA
annoncer,annonçaient,NA
annoncer,annonça,NA
annoncer,annonçant,NA
annoncer,annonce,2318
appeler,appelle,NA
appeler,appeler,44045
appeler,appellent,NA
appeler,appelé,NA
appeler,appelait,NA
appeler,appelaient,NA
appeler,appela,NA
appeler,appelant,NA
apprécier,apprécie,NA
apprécier,apprécier,690
apprécier,apprécient,NA
apprécier,apprécié,NA
apprécier,appréciait,NA
apprécier,appréciaient,NA
apprécier,apprécia,NA
apprécier,appréciant,NA
appuyer,appuie,NA
appuyer,appuyer,1100
appuyer,appuient,NA
appuyer,appuyé,NA
appuyer,appuyait,NA
appuyer,appuyaient,NA
appuyer,appuya,NA
appuyer,appuyant,NA
arguer,argue,NA
arguer,arguer,7402
arguer,arguent,NA
arguer,argué,NA
arguer,arguait,NA
arguer,arguaient,NA
arguer,argua,NA
arguer,arguant,NA
argumenter,argumente,576
argumenter,argumenter,76
argumenter,argumentent,NA
argumenter,argumenté,176
argumenter,argumentait,NA
argumenter,argumentaient,NA
argumenter,argumenta,2
argumenter,argumentant,1
assurer,assure,103156
assurer,assurer,118542
assurer,assurent,NA
assurer,assuré,NA
assurer,assurait,NA
assurer,assuraient,NA
assurer,assura,NA
assurer,assurant,NA
asséner,assène,1256
asséner,asséner,463
asséner,assènent,NA
asséner,asséné,NA
asséner,assénait,NA
asséner,assénaient,NA
asséner,asséna,5
asséner,assénant,NA
attester,atteste,2605
attester,attester,4723
attester,attestent,NA
attester,attesté,NA
attester,attestait,NA
attester,attestaient,NA
attester,attesta,NA
attester,attestant,NA
avancer,avance,13832
avancer,avancer,8302
avancer,avancent,NA
avancer,avancé,377
avancer,avançait,NA
avancer,avançaient,NA
avancer,avança,NA
avancer,avançant,NA
avertir,avertit,NA
avertir,avertir,19735
avertir,avertissent,NA
avertir,averti,NA
avertir,avertissait,NA
avertir,avertissaient,NA
avertir,avertissant,958
avoir,a,55
avoir,avoir,31418
avoir,ont,1
avoir,eu,NA
avoir,avait,NA
avoir,avaient,NA
avoir,eut,NA
avoir,ayant,NA
avouer,avoue,14307
avouer,avouer,7510
avouer,avouent,NA
avouer,avoué,NA
avouer,avouait,NA
avouer,avouaient,NA
avouer,avoua,341
avouer,avouant,1
calculer,calcule,1935
calculer,calculer,158
calculer,calculent,7
calculer,calculé,4
calculer,calculait,NA
calculer,calculaient,NA
calculer,calcula,NA
calculer,calculant,2
charger,charge,4
charger,charger,1509
charger,chargent,NA
charger,chargé,122
charger,chargeait,NA
charger,chargeaient,NA
charger,chargea,NA
charger,chargeant,7
choisir,choisit,NA
choisir,choisir,1711
choisir,choisissent,NA
choisir,choisi,NA
choisir,choisissait,NA
choisir,choisissaient,NA
choisir,choisissant,NA
citer,cite,6109
citer,citer,16810
citer,citent,NA
citer,cité,6923
citer,citait,NA
citer,citaient,NA
citer,cita,NA
citer,citant,6
commencer,commence,NA
commencer,commencer,2981
commencer,commencent,NA
commencer,commencé,NA
commencer,commençait,NA
commencer,commençaient,NA
commencer,commença,NA
commencer,commençant,2
commenter,commente,23904
commenter,commenter,21316
commenter,commentent,NA
commenter,commenté,NA
commenter,commentait,NA
commenter,commentaient,NA
commenter,commenta,NA
commenter,commentant,NA
conclure,conclut,NA
conclure,conclure,79037
conclure,concluent,NA
conclure,conclu,NA
conclure,concluait,NA
conclure,concluaient,NA
conclure,concluant,3
concéder,concède,NA
concéder,concéder,8890
concéder,concèdent,NA
concéder,concédé,NA
concéder,concédait,NA
concéder,concédaient,NA
concéder,concéda,NA
concéder,concédant,NA
confier,confie,NA
confier,confier,54375
confier,confient,NA
confier,confié,NA
confier,confiait,NA
confier,confiaient,NA
confier,confia,NA
confier,confiant,26
confirmer,confirme,37162
confirmer,confirmer,48936
confirmer,confirment,5865
confirmer,confirmé,NA
confirmer,confirmait,NA
confirmer,confirmaient,NA
confirmer,confirma,535
confirmer,confirmant,NA
connaître,connaît,NA
connaître,connaître,2514
connaître,connaissent,NA
connaître,connu,144
connaître,connaissait,NA
connaître,connaissaient,NA
connaître,connut,NA
connaître,connaissant,NA
consacrer,consacre,400
consacrer,consacrer,1607
consacrer,consacrent,NA
consacrer,consacré,NA
consacrer,consacrait,NA
consacrer,consacraient,NA
consacrer,consacra,NA
consacrer,consacrant,NA
conseiller,conseille,645
conseiller,conseiller,278
conseiller,conseillent,NA
conseiller,conseillé,NA
conseiller,conseillait,NA
conseiller,conseillaient,NA
conseiller,conseilla,NA
conseiller,conseillant,NA
considérer,considère,NA
considérer,considérer,102575
considérer,considèrent,NA
considérer,considéré,NA
considérer,considérait,NA
considérer,considéraient,NA
considérer,considéra,NA
considérer,considérant,64
constater,constate,59619
constater,constater,58613
constater,constatent,NA
constater,constaté,NA
constater,constatait,NA
constater,constataient,NA
constater,constata,NA
constater,constatant,NA
continuer,continue,1698
continuer,continuer,1187
continuer,continuent,NA
continuer,continué,NA
continuer,continuait,NA
continuer,continuaient,NA
continuer,continua,NA
continuer,continuant,3
convier,convie,NA
convier,convier,828
convier,convient,NA
convier,convié,51
convier,conviait,NA
convier,conviaient,NA
convier,convia,1
craindre,craint,22
craindre,craindre,50710
craindre,craignent,NA
craindre,craignait,NA
craindre,craignaient,NA
craindre,craignit,NA
craindre,craignant,5101
critiquer,critique,10656
critiquer,critiquer,13563
critiquer,critiquent,NA
critiquer,critiqué,NA
critiquer,critiquait,NA
critiquer,critiquaient,NA
critiquer,critiqua,NA
critiquer,critiquant,5
croire,croit,NA
croire,croire,140374
croire,croient,NA
croire,cru,NA
croire,croyait,NA
croire,croyaient,NA
croire,crut,NA
croire,croyant,26
créer,crée,1
créer,créer,2288
créer,créent,NA
créer,créé,NA
créer,créait,NA
créer,créaient,NA
créer,créa,NA
créer,créant,NA
demander,demande,63707
demander,demander,104387
demander,demandent,NA
demander,demandé,NA
demander,demandait,NA
demander,demandaient,NA
demander,demanda,3135
demander,demandant,17164
demeurer,demeure,472
demeurer,demeurer,8121
demeurer,demeurent,NA
demeurer,demeuré,NA
demeurer,demeurait,NA
demeurer,demeuraient,NA
demeurer,demeura,NA
demeurer,demeurant,2593
devenir,deviens,NA
devenir,devenir,3633
devenir,deviennent,NA
devenir,devenu,228
devenir,devenait,NA
devenir,devenaient,NA
devenir,devint,1
devenir,devenant,NA
devoir,doit,NA
devoir,devoir,16035
devoir,doivent,1
devoir,dû,NA
devoir,devait,NA
devoir,devaient,NA
devoir,dut,27
devoir,devant,51
dire,dit,10
dire,dire,779893
dire,disent,NA
dire,disait,NA
dire,disaient,NA
dire,dira,NA
dire,disant,10069
diriger,dirige,NA
diriger,diriger,1015
diriger,dirigent,NA
diriger,dirigé,NA
diriger,dirigeait,NA
diriger,dirigeaient,NA
diriger,dirigea,NA
diriger,dirigeant,5
donner,donne,41909
donner,donner,2728
donner,donnent,NA
donner,donné,2
donner,donnait,NA
donner,donnaient,NA
donner,donna,NA
donner,donnant,NA
décider,décide,429
décider,décider,2478
décider,décident,NA
décider,décidé,4
décider,décidait,NA
décider,décidaient,NA
décider,décida,NA
décider,décidant,NA
déclarer,déclare,81969
déclarer,déclarer,404166
déclarer,déclarent,NA
déclarer,déclaré,NA
déclarer,déclarait,NA
déclarer,déclaraient,NA
déclarer,déclara,NA
déclarer,déclarant,1
décrire,décrit,NA
décrire,décrire,20631
décrire,décrivent,NA
décrire,décrivait,NA
décrire,décrivaient,NA
décrire,décrivit,NA
décrire,décrivant,NA
défendre,défend,NA
défendre,défendre,28139
défendre,défendent,NA
défendre,défendu,14
défendre,défendait,NA
défendre,défendaient,NA
défendre,défendit,NA
défendre,défendant,2601
dénoncer,dénonce,1
dénoncer,dénoncer,63293
dénoncer,dénoncent,NA
dénoncer,dénoncé,NA
dénoncer,dénonçait,NA
dénoncer,dénonçaient,NA
dénoncer,dénonça,NA
dénoncer,dénonçant,NA
déplorer,déplore,21280
déplorer,déplorer,8193
déplorer,déplorent,NA
déplorer,déploré,10212
déplorer,déplorait,NA
déplorer,déploraient,NA
déplorer,déplora,NA
déplorer,déplorant,NA
détailler,détaille,3062
détailler,détailler,1003
détailler,détaillent,NA
détailler,détaillé,2
détailler,détaillait,NA
détailler,détaillaient,NA
détailler,détailla,NA
détailler,détaillant,NA
enchaîner,enchaîne,1943
enchaîner,enchaîner,2311
enchaîner,enchaînent,465
enchaîner,enchaîné,NA
enchaîner,enchaînait,NA
enchaîner,enchaînaient,NA
enchaîner,enchaîna,NA
enchaîner,enchaînant,NA
entendre,entend,NA
entendre,entendre,NA
entendre,entendent,NA
entendre,entendu,NA
entendre,entendait,NA
entendre,entendaient,NA
entendre,entendit,NA
entendre,entendant,NA
espérer,espère,5
espérer,espérer,66574
espérer,espèrent,NA
espérer,espéré,NA
espérer,espérait,NA
espérer,espéraient,NA
espérer,espéra,NA
espérer,espérant,6032
estimer,estime,260263
estimer,estimer,178172
estimer,estiment,73653
estimer,estimé,247
estimer,estimait,NA
estimer,estimaient,NA
estimer,estima,NA
estimer,estimant,16
exiger,exige,NA
exiger,exiger,32718
exiger,exigent,NA
exiger,exigé,77
exiger,exigeait,NA
exiger,exigeaient,NA
exiger,exigea,NA
exiger,exigeant,1
expliquer,explique,259586
expliquer,expliquer,143172
expliquer,expliqua,NA
expliquer,expliquent,NA
expliquer,expliqué,NA
expliquer,expliquait,NA
expliquer,expliquaient,NA
expliquer,expliquant,NA
exposer,expose,5258
exposer,exposer,7486
exposer,exposent,NA
exposer,exposé,5495
exposer,exposait,NA
exposer,exposaient,NA
exposer,exposa,NA
exposer,exposant,NA
exprimer,exprime,9463
exprimer,exprimer,36561
exprimer,expriment,NA
exprimer,exprimé,NA
exprimer,exprimait,NA
exprimer,exprimaient,NA
exprimer,exprima,NA
exprimer,exprimant,1
faire,fait,12227
faire,faire,8168
faire,font,3
faire,faisait,NA
faire,faisaient,NA
faire,fit,NA
faire,faisant,NA
finir,finit,NA
finir,finir,1878
finir,finissent,NA
finir,fini,28
finir,finissait,NA
finir,finissaient,NA
finir,finissant,12
fustiger,fustige,NA
fustiger,fustiger,811
fustiger,fustigent,NA
fustiger,fustigé,NA
fustiger,fustigeait,NA
fustiger,fustigeaient,NA
fustiger,fustigea,NA
fustiger,fustigeant,NA
féliciter,félicite,2904
féliciter,féliciter,362
féliciter,félicitent,NA
féliciter,félicité,1563
féliciter,félicitée,323
féliciter,félicitait,NA
féliciter,félicitaient,NA
féliciter,félicita,NA
féliciter,félicitant,30
glisser,glisse,2174
glisser,glisser,653
glisser,glissent,NA
glisser,glissé,NA
glisser,glissait,NA
glisser,glissaient,NA
glisser,glissa,NA
glisser,glissant,NA
hurler,hurle,244
hurler,hurler,208
hurler,hurlent,NA
hurler,hurlé,NA
hurler,hurlait,NA
hurler,hurlaient,NA
hurler,hurla,NA
hurler,hurlant,11
hésiter,hésite,697
hésiter,hésiter,778
hésiter,hésitent,NA
hésiter,hésité,NA
hésiter,hésitait,NA
hésiter,hésitaient,NA
hésiter,hésita,NA
hésiter,hésitant,NA
illustrer,illustre,6269
illustrer,illustrer,5966
illustrer,illustrent,NA
illustrer,illustré,NA
illustrer,illustrait,NA
illustrer,illustraient,NA
illustrer,illustra,NA
illustrer,illustrant,NA
indiquer,indique,111586
indiquer,indiquer,211418
indiquer,indiquent,NA
indiquer,indiqué,NA
indiquer,indiquait,NA
indiquer,indiquaient,NA
indiquer,indiqua,887
indiquer,indiquant,NA
informer,informe,106
informer,informer,12536
informer,informent,353
informer,informé,NA
informer,informait,NA
informer,informaient,NA
informer,informa,NA
informer,informant,NA
insister,insiste,30150
insister,insister,9194
insister,insistent,NA
insister,insisté,22910
insister,insistait,NA
insister,insistaient,NA
insister,insista,NA
insister,insistant,4
inviter,invite,5744
inviter,inviter,256
inviter,invitent,NA
inviter,invité,851
inviter,invitait,NA
inviter,invitaient,NA
inviter,invita,NA
inviter,invitant,137
ironiser,ironise,5893
ironiser,ironiser,4488
ironiser,ironisent,NA
ironiser,ironisé,NA
ironiser,ironisait,NA
ironiser,ironisaient,30
ironiser,ironisa,NA
ironiser,ironisant,NA
juger,juge,30284
juger,juger,47646
juger,jugent,NA
juger,jugé,NA
juger,jugée,3626
juger,jugeait,NA
juger,jugeaient,NA
juger,jugea,NA
juger,jugeant,7257
justifier,justifie,NA
justifier,justifier,25161
justifier,justifient,1919
justifier,justifié,NA
justifier,justifiait,NA
justifier,justifiaient,NA
justifier,justifia,NA
justifier,justifiant,2279
laisser,laisse,31501
laisser,laisser,2780
laisser,laissent,NA
laisser,laissé,NA
laisser,laissait,NA
laisser,laissaient,NA
laisser,laissa,NA
laisser,laissant,NA
lancer,lance,51
lancer,lancer,82071
lancer,lancent,NA
lancer,lancé,NA
lancer,lançait,NA
lancer,lançaient,NA
lancer,lança,NA
lancer,lançant,1
lire,lit,7774
lire,lire,13496
lire,lisent,NA
lire,lu,4198
lire,lisait,NA
lire,lisaient,NA
lire,lut,NA
lire,lisant,NA
lâcher,lâche,8684
lâcher,lâcher,989
lâcher,lâchent,NA
lâcher,lâché,NA
lâcher,lâchait,NA
lâcher,lâchaient,NA
lâcher,lâcha,NA
lâcher,lâchant,7
marmonner,marmonne,NA
marmonner,marmonner,156
marmonner,marmonnent,NA
marmonner,marmonné,54
marmonner,marmonnait,NA
marmonner,marmonnaient,3
marmonner,marmonna,NA
marmonner,marmonnant,NA
marteler,martèle,2
marteler,marteler,5340
marteler,martèlent,NA
marteler,martelé,5132
marteler,martelait,NA
marteler,martelaient,NA
marteler,martela,20
marteler,martelant,365
menacer,menace,269
menacer,menacer,719
menacer,menacent,NA
menacer,menacé,NA
menacer,menaçait,NA
menacer,menaçaient,NA
menacer,menaça,3
menacer,menaçant,43
mentionner,mentionne,2267
mentionner,mentionner,4586
mentionner,mentionnent,NA
mentionner,mentionné,NA
mentionner,mentionnait,NA
mentionner,mentionnaient,NA
mentionner,mentionna,NA
mentionner,mentionnant,NA
mettre,mets,NA
mettre,mettre,7425
mettre,mettent,NA
mettre,mis,NA
mettre,mettait,NA
mettre,mettaient,NA
mettre,mit,NA
mettre,mettant,NA
murmurer,murmure,2896
murmurer,murmurer,1362
murmurer,murmurent,NA
murmurer,murmuré,NA
murmurer,murmurait,NA
murmurer,murmuraient,NA
murmurer,murmura,211
murmurer,murmurant,NA
naître,naît,NA
naître,naître,1670
naître,naissent,NA
naître,né,NA
naître,née,121
naître,naissait,NA
naître,naissaient,NA
naître,naquit,NA
naître,naissant,4
noter,note,55960
noter,noter,33898
noter,notent,NA
noter,noté,NA
noter,notait,NA
noter,notaient,NA
noter,nota,NA
noter,notant,NA
nuancer,nuance,4
nuancer,nuancer,1422
nuancer,nuancent,NA
nuancer,nuancé,NA
nuancer,nuançait,NA
nuancer,nuançaient,4
nuancer,nuança,8
nuancer,nuançant,NA
objecter,objecte,1
objecter,objecter,2309
objecter,object,1124
objecter,objectent,NA
objecter,objecté,NA
objecter,objectait,NA
objecter,objectaient,30
objecter,objecta,57
objecter,objectant,NA
observer,observe,29458
observer,observer,26775
observer,observent,NA
observer,observé,NA
observer,observait,NA
observer,observaient,NA
observer,observa,NA
observer,observant,1
ordonner,ordonne,4499
ordonner,ordonner,187
ordonner,ordonnent,NA
ordonner,ordonné,NA
ordonner,ordonnait,NA
ordonner,ordonnaient,NA
ordonner,ordonna,NA
ordonner,ordonnant,NA
organiser,organise,354
organiser,organiser,2869
organiser,organisent,NA
organiser,organisé,NA
organiser,organisait,NA
organiser,organisaient,NA
organiser,organisa,NA
organiser,organisant,NA
passer,passe,NA
passer,passer,4246
passer,passent,NA
passer,passé,NA
passer,passait,NA
passer,passaient,NA
passer,passa,NA
passer,passant,3
penser,pense,89955
penser,penser,116957
penser,pensent,NA
penser,pensé,NA
penser,pensait,NA
penser,pensaient,NA
penser,pensa,NA
penser,pensant,1
permettre,permet,25
permettre,permettre,6081
permettre,permettent,NA
permettre,permis,1
permettre,permettait,NA
permettre,permettaient,NA
permettre,permit,NA
permettre,permettant,NA
plaider,plaide,11384
plaider,plaider,14043
plaider,plaident,NA
plaider,plaidé,2
plaider,plaidait,NA
plaider,plaidaient,NA
plaider,plaida,NA
plaider,plaidant,5
plaindre,plaint,NA
plaindre,plaindre,NA
plaindre,plaignent,NA
plaindre,plaignait,NA
plaindre,plaignaient,NA
plaindre,plaignant,NA
poursuivre,poursuit,NA
poursuivre,poursuivre,98274
poursuivre,poursuivent,NA
poursuivre,poursuivi,NA
poursuivre,poursuivait,NA
poursuivre,poursuivaient,NA
poursuivre,poursuivit,NA
poursuivre,poursuivant,33
pouvoir,peut,22
pouvoir,pouvoir,27585
pouvoir,peuvent,NA
pouvoir,pu,1
pouvoir,pouvait,NA
pouvoir,pouvaient,NA
pouvoir,put,NA
pouvoir,pouvant,NA
prendre,prend,3
prendre,prendre,5660
prendre,prennent,NA
prendre,pris,1
prendre,prenait,NA
prendre,prenaient,NA
prendre,prit,NA
prendre,prenant,20
proférer,profère,114
proférer,proférer,636
proférer,profèrent,NA
proférer,proféré,NA
proférer,proférait,NA
proférer,proféraient,NA
proférer,proféra,NA
proférer,proferant,NA
promettre,promet,NA
promettre,promettre,30114
promettre,promettent,NA
promettre,promis,NA
promettre,promettait,NA
promettre,promettaient,NA
promettre,promit,NA
promettre,promettant,NA
proposer,propose,60045
proposer,proposer,52562
proposer,proposent,NA
proposer,proposé,NA
proposer,proposait,NA
proposer,proposaient,NA
proposer,proposa,NA
proposer,proposant,1
protester,proteste,3932
protester,protester,6956
protester,protestent,NA
protester,protesté,NA
protester,protestait,NA
protester,protestaient,NA
protester,protesta,138
protester,protestant,14
préciser,précise,135882
préciser,préciser,167883
préciser,précisent,NA
préciser,précisé,NA
préciser,précisait,NA
préciser,précisaient,NA
préciser,précisa,1343
préciser,précisant,NA
prédire,prédit,NA
prédire,prédire,8885
prédire,prédisent,NA
prédire,prédisait,NA
prédire,prédisaient,NA
prédire,prédisant,384
préférer,préfère,NA
préférer,préférer,1327
préférer,préfèrent,NA
préférer,préféré,311
préférer,préférait,NA
préférer,préféraient,NA
préférer,préféra,NA
présenter,présente,NA
présenter,présenter,2715
présenter,présentent,NA
présenter,présenté,1
présenter,présentait,NA
présenter,présentaient,NA
présenter,présenta,NA
présenter,présentant,NA
prétendre,prétend,NA
prétendre,prétendre,22373
prétendre,prétendent,NA
prétendre,prétendu,NA
prétendre,prétendait,NA
prétendre,prétendaient,NA
prétendre,prétendit,NA
prétendre,prétendant,35
prévenir,prévient,NA
prévenir,prévenir,41866
prévenir,préviennent,NA
prévenir,prévenu,1277
prévenir,prévenait,NA
prévenir,prévenaient,NA
prévenir,prévint,NA
prévenir,prévenant,NA
prévoir,prévoit,NA
prévoir,prévoir,109718
prévoir,prévoient,NA
prévoir,prévu,NA
prévoir,prévoyait,NA
prévoir,prévoyaient,NA
prévoir,prévit,NA
prévoir,prévoyant,NA
publier,publie,NA
publier,publier,3120
publier,publient,NA
publier,publié,NA
publier,publiait,NA
publier,publiaient,NA
publier,publia,NA
publier,publiant,NA
raconter,raconte,61756
raconter,raconter,20250
raconter,racontent,NA
raconter,raconté,NA
raconter,racontait,NA
raconter,racontaient,NA
raconter,raconta,NA
raconter,racontant,NA
railler,raille,307
railler,railler,188
railler,raillent,NA
railler,raillé,NA
railler,raillait,NA
railler,raillaient,NA
railler,railla,NA
railler,raillant,NA
rappeler,rappelle,NA
rappeler,rappeler,215571
rappeler,rappellent,NA
rappeler,rappelé,NA
rappeler,rappelait,NA
rappeler,rappelaient,NA
rappeler,rappela,NA
rappeler,rappelant,NA
rapporter,rapporte,20120
rapporter,rapporter,19171
rapporter,rapportent,NA
rapporter,rapporté,NA
rapporter,rapportait,NA
rapporter,rapportaient,NA
rapporter,rapporta,NA
rapporter,rapportant,821
recevoir,reçoit,NA
recevoir,recevoir,1639
recevoir,reçoivent,NA
recevoir,reçu,1
recevoir,recevait,NA
recevoir,recevaient,NA
recevoir,reçut,NA
recevoir,recevant,NA
recommander,recommande,NA
recommander,recommander,7035
recommander,recommandent,NA
recommander,recommandé,NA
recommander,recommandait,NA
recommander,recommandaient,NA
recommander,recommanda,NA
recommander,recommandant,NA
reconnaître,reconnaît,NA
reconnaître,reconnaître,120925
reconnaître,reconnaissent,NA
reconnaître,reconnu,1
reconnaître,reconnaissait,NA
reconnaître,reconnaissaient,NA
reconnaître,reconnut,NA
reconnaître,reconnaissant,11
recueillir,recueille,60
recueillir,recueillir,665
recueillir,recueillent,NA
recueillir,recueilli,NA
recueillir,recueillait,NA
recueillir,recueillaient,NA
recueillir,recueillit,NA
recueillir,recueillant,NA
redouter,redoute,484
redouter,redouter,11657
redouter,redoutent,NA
redouter,redouté,NA
redouter,redoutait,NA
redouter,redoutaient,NA
redouter,redouta,16
redouter,redoutant,1499
regretter,regrette,4893
regretter,regretter,490
regretter,regrettent,2
regretter,regretté,861
regretter,regrettait,NA
regretter,regrettaient,NA
regretter,regretta,3
regretter,regrettant,NA
relater,relate,3939
relater,relater,2270
relater,relatent,NA
relater,relaté,NA
relater,relatait,NA
relater,relataient,NA
relater,relata,NA
relater,relatant,NA
relativiser,relativise,482
relativiser,relativiser,112
relativiser,relativisent,NA
relativiser,relativisé,NA
relativiser,relativisait,NA
relativiser,relativisaient,1
relativiser,relativisa,NA
relativiser,relativisant,NA
relever,relève,NA
relever,relever,44525
relever,relèvent,NA
relever,relevé,1
relever,relevait,NA
relever,relevaient,NA
relever,releva,NA
relever,relevant,NA
remarquer,remarque,3572
remarquer,remarquer,40804
remarquer,remarquent,NA
remarquer,remarqué,NA
remarquer,remarquait,NA
remarquer,remarquaient,NA
remarquer,remarqua,NA
remarquer,remarquant,NA
renchérir,renchérit,NA
renchérir,renchérir,3964
renchérir,renchérissent,NA
renchérir,renchéri,NA
renchérir,renchérissait,NA
renchérir,renchérissaient,NA
renchérir,renchérissant,NA
rendre,rend,9
rendre,rendre,2591
rendre,rendent,NA
rendre,rendu,NA
rendre,rendait,NA
rendre,rendaient,NA
rendre,rendit,NA
rendre,rendant,1
reprendre,reprend,NA
reprendre,reprendre,2593
reprendre,reprennent,NA
reprendre,repris,NA
reprendre,reprenait,NA
reprendre,reprenaient,NA
reprendre,reprit,NA
reprendre,reprenant,NA
reprocher,reproche,21081
reprocher,reprocher,859
reprocher,reprochent,96
reprocher,reproché,18
reprocher,reprochait,NA
reprocher,reprochaient,NA
reprocher,reprocha,NA
reprocher,reprochant,66
rester,reste,3149
rester,rester,1763
rester,restent,NA
rester,resté,NA
rester,restée,NA
rester,restait,NA
rester,restaient,NA
rester,resta,NA
rester,restant,NA
revenir,revient,NA
revenir,revenir,2252
revenir,reviennent,NA
revenir,revenu,241
revenir,revenait,NA
revenir,revenaient,NA
revenir,revint,NA
revenir,revenant,NA
réagir,réagit,NA
réagir,réagir,19135
réagir,réagissent,NA
réagir,réagi,NA
réagir,réagissait,NA
réagir,réagissaient,NA
réagir,réagissant,1
réaliser,réalise,168
réaliser,réaliser,1510
réaliser,réalisent,NA
réaliser,réalisé,NA
réaliser,réalisait,NA
réaliser,réalisaient,NA
réaliser,réalisa,NA
réaliser,réalisant,NA
réclamer,réclame,456
réclamer,réclamer,30950
réclamer,réclament,NA
réclamer,réclamé,NA
réclamer,réclamait,NA
réclamer,réclamaient,NA
réclamer,réclama,NA
réclamer,réclamant,1
réfuter,réfute,1207
réfuter,réfuter,1408
réfuter,réfutent,NA
réfuter,réfuté,NA
réfuter,réfutait,NA
réfuter,réfutaient,7
réfuter,réfuta,NA
réfuter,réfutant,NA
répliquer,réplique,306
répliquer,répliquer,7377
répliquer,répliquent,NA
répliquer,répliquait,NA
répliquer,répliquaient,NA
répliquer,répliqua,NA
répliquer,répliquant,NA
répondre,répond,NA
répondre,répondre,91154
répondre,répondent,NA
répondre,répondu,NA
répondre,répondait,NA
répondre,répondaient,NA
répondre,répondit,NA
répondre,répondant,55
répéter,répète,11419
répéter,répéter,1495
répéter,répètent,NA
répéter,répété,1
répéter,répétait,NA
répéter,répétaient,NA
répéter,répéta,NA
répéter,répétant,1
résumer,résume,33083
résumer,résumer,6036
résumer,résument,NA
résumer,résuma,NA
résumer,résumait,NA
résumer,résumaient,NA
résumer,résumant,NA
résumer,résumé,5386
rétorquer,rétorque,6496
rétorquer,rétorquer,6633
rétorquer,rétorquent,NA
rétorquer,rétorqué,NA
rétorquer,rétorquait,NA
rétorquer,rétorquaient,53
rétorquer,rétorqua,NA
rétorquer,rétorquant,NA
révéler,révèle,1
révéler,révéler,56414
révéler,révèlent,NA
révéler,révélé,NA
révéler,révélait,NA
révéler,révélaient,NA
révéler,révéla,NA
révéler,révélant,NA
saluer,salue,3770
saluer,saluer,13200
saluer,saluent,NA
saluer,salué,NA
saluer,saluait,NA
saluer,saluaient,NA
saluer,salua,NA
saluer,saluant,NA
savoir,sait,NA
savoir,savoir,321323
savoir,savent,NA
savoir,su,NA
savoir,savait,1
savoir,savaient,NA
savoir,sut,NA
savoir,sachant,11
sembler,semble,2577
sembler,sembler,1165
sembler,semblent,NA
sembler,semblé,NA
sembler,semblait,NA
sembler,semblaient,NA
sembler,sembla,1
sembler,semblant,50
signaler,signale,10260
signaler,signaler,241
signaler,signalent,NA
signaler,signalé,NA
signaler,signalait,NA
signaler,signalaient,NA
signaler,signala,NA
signaler,signalant,NA
signer,signe,293
signer,signer,1323
signer,signent,NA
signer,signé,1
signer,signait,NA
signer,signaient,NA
signer,signa,NA
signer,signant,NA
souhaiter,souhaite,45127
souhaiter,souhaiter,62539
souhaiter,souhaitent,NA
souhaiter,souhaité,31
souhaiter,souhaitait,NA
souhaiter,souhaitaient,NA
souhaiter,souhaita,NA
souhaiter,souhaitant,NA
souigner,souligne,NA
souigner,souigner,NA
souigner,soulignent,NA
souigner,souligné,NA
souigner,soulignait,NA
souigner,soulignaient,NA
souigner,souligna,NA
souigner,soulignant,NA
soulever,soulève,NA
soulever,soulever,8508
soulever,soulèvent,NA
soulever,soulevé,NA
soulever,soulevait,NA
soulever,soulevaient,NA
soulever,souleva,NA
soulever,soulevant,807
soupirer,soupire,6697
soupirer,soupirer,772
soupirer,soupirent,NA
soupirer,soupiré,307
soupirer,soupirait,NA
soupirer,soupiraient,NA
soupirer,soupira,104
soupirer,soupirant,2
sourire,sourit,NA
sourire,sourire,10819
sourire,sourient,NA
sourire,souri,461
sourire,souriait,NA
sourire,souriaient,NA
sourire,souria,NA
sourire,souriant,27
soutenir,soutient,NA
soutenir,soutenir,40604
soutenir,soutiennent,NA
soutenir,soutenu,1
soutenir,soutenait,NA
soutenir,soutenaient,NA
soutenir,soutint,NA
soutenir,soutenant,NA
souvenir,souvient,NA
souvenir,souvenir,NA
souvenir,souviennent,NA
souvenir,souvenu,NA
souvenir,souvenait,NA
souvenir,souvenaient,NA
souvenir,souvint,NA
souvenir,souvenant,NA
suggérer,suggère,NA
suggérer,suggérer,34384
suggérer,suggèrent,NA
suggérer,suggéré,NA
suggérer,suggérait,NA
suggérer,suggéraient,NA
suggérer,suggéra,NA
suggérer,suggérant,NA
tenir,tient,NA
tenir,tenir,5335
tenir,tiennent,NA
tenir,tenu,NA
tenir,tenait,NA
tenir,tenaient,NA
tenir,tint,NA
tenir,tenant,NA
tenter,tente,1173
tenter,tenter,1897
tenter,tentent,NA
tenter,tenté,27
tenter,tentait,NA
tenter,tentaient,NA
tenter,tenta,NA
tenter,tentant,82
tonner,tonne,128
tonner,tonner,906
tonner,tonnent,NA
tonner,tonné,NA
tonner,tonnait,NA
tonner,tonnaient,2
tonner,tonna,NA
tonner,tonnant,1
traduire,traduit,NA
traduire,traduire,1240
traduire,traduisent,NA
traduire,traduisait,NA
traduire,traduisaient,NA
traduire,traduisit,NA
traduire,traduisant,NA
trancher,tranche,51
trancher,trancher,1526
trancher,tranchent,NA
trancher,tranché,1934
trancher,tranchait,NA
trancher,tranchaient,NA
trancher,trancha,NA
trancher,tranchant,NA
trouver,trouve,37168
trouver,trouver,61388
trouver,trouvent,NA
trouver,trouvé,NA
trouver,trouvait,NA
trouver,trouvaient,NA
trouver,trouva,NA
trouver,trouvant,NA
tweeter,tweete,7
tweeter,tweeter,78
tweeter,tweetent,NA
tweeter,tweeté,1321
tweeter,tweetait,NA
tweeter,tweetaient,NA
tweeter,tweeta,NA
tweeter,tweetant,NA
témoigner,témoigne,24454
témoigner,témoigner,19947
témoigner,témoignent,NA
témoigner,témoigné,NA
témoigner,témoignait,NA
témoigner,témoignaient,NA
témoigner,témoigna,NA
témoigner,témoignant,NA
valoir,vaut,1
valoir,valoir,57696
valoir,valait,NA
valoir,valent,NA
valoir,valaient,NA
valoir,valut,NA
valoir,vaudra,NA
valoir,valant,520
valoir,valu,158
valoir,vaudront,NA
venir,viens,NA
venir,venir,7362
venir,viennent,NA
venir,venu,NA
venir,venait,NA
venir,venaient,NA
venir,vint,1
venir,venant,96
voir,vois,NA
voir,voir,5533
voir,voient,NA
voir,vu,10
voir,voyait,NA
voir,voyaient,NA
voir,vit,1
voir,voyant,69
vouloir,veut,9
vouloir,vouloir,119998
vouloir,veulent,2
vouloir,voulu,NA
vouloir,voulait,NA
vouloir,voulaient,NA
vouloir,voulut,NA
vouloir,voulant,NA
écrire,écrit,2
écrire,écrire,148545
écrire,écrivent,NA
écrire,écrivait,NA
écrire,écrivaient,NA
écrire,écrivant,NA
écrire,écrivit,NA
énoncer,énonce,NA
énoncer,énoncer,3128
énoncer,énoncent,NA
énoncer,énoncé,NA
énoncer,énonçait,NA
énoncer,énonçaient,5
énoncer,énonça,NA
énoncer,énonçant,172
évoquer,évoque,19442
évoquer,évoquer,41410
évoquer,évoquent,NA
évoquer,évoqué,NA
évoquer,évoquait,NA
évoquer,évoquaient,NA
évoquer,évoqua,NA
évoquer,évoquant,NA
être,est,NA
être,être,126721
être,sont,NA
être,été,NA
être,était,NA
être,étaient,NA
être,soit,116400
être,serait,NA
être,fut,NA
être,sera,29
être,étant,NA
